{
    "contract": {
        "1": {
            "임대인": {
                "text": "이진현",
                "notice": "소유자가 공동명의로 확인됩니다",
                "solution": "다른 소유주의 확인 필요",
                "bounding_box": {
                    "x1": 579,
                    "y1": 385,
                    "x2": 723,
                    "y2": 441
                }
            },
            "임차인": {
                "text": "김형수",
                "notice": "문제 없음",
                "solution": "계약 진행 가능",
                "bounding_box": {
                    "x1": 1114,
                    "y1": 391,
                    "x2": 1239,
                    "y2": 438
                }
            },
            "소재지": {
                "text": "서울특별시 성동구 금호로 140 (금호동 1가) 이편한세상금호파크힐스 107동 203호",
                "bounding_box": {
                    "x1": 663,
                    "y1": 585,
                    "x2": 2046,
                    "y2": 638
                }
            },
            "토지": {
                "text": "대",
                "bounding_box": {
                    "x1": 982,
                    "y1": 654,
                    "x2": 1036,
                    "y2": 707
                }
            },
            "건물": {
                "text": "철근콘크리트구조",
                "bounding_box": {
                    "x1": 826,
                    "y1": 720,
                    "x2": 1192,
                    "y2": 776
                }
            },
            "임차할부분": {
                "text": "제 107동 제 2층 제 203호",
                "bounding_box": {
                    "x1": 460,
                    "y1": 792,
                    "x2": 826,
                    "y2": 845
                }
            },
            "면적": {
                "text": "84.982m2",
                "notice": "문제 없음",
                "solution": "계약 진행 가능",
                "bounding_box": {
                    "x1": 2203,
                    "y1": 726,
                    "x2": 2393,
                    "y2": 773
                }
            },
            "계약기간": {
                "text": "2025-02-28 ~ 2026-02-27",
                "notice": "문제 없음",
                "solution": "계약 진행 가능",
                "bounding_box": {
                    "x1": 476,
                    "y1": 1045,
                    "x2": 1317,
                    "y2": 1095
                }
            },
            "보증금_1": {
                "text": "10,000,000원",
                "notice": "문제 없음",
                "solution": "계약 진행 가능",
                "bounding_box": {
                    "x1": 1499,
                    "y1": 1051,
                    "x2": 1765,
                    "y2": 1095
                }
            },
            "보증금_2": {
                "text": "10,000,000원",
                "notice": "문제 없음",
                "solution": "계약 진행 가능",
                "bounding_box": {
                    "x1": 1164,
                    "y1": 1664,
                    "x2": 1386,
                    "y2": 1718
                }
            },
            "계약금": {
                "text": "2,000,000원",
                "bounding_box": {
                    "x1": 910,
                    "y1": 1746,
                    "x2": 1111,
                    "y2": 1799
                }
            },
            "잔금": {
                "text": "5,000,000원 (2025-02-28에 지불)",
                "bounding_box": {
                    "x1": 591,
                    "y1": 1908,
                    "x2": 2196,
                    "y2": 1962
                }
            },
            "차임_1": {
                "text": "500,000원 (28일)",
                "bounding_box": {
                    "x1": 1902,
                    "y1": 1039,
                    "x2": 2256,
                    "y2": 1095
                }
            },
            "차임_2": {
                "text": "50,000원 (28일)",
                "bounding_box": {
                    "x1": 441,
                    "y1": 1990,
                    "x2": 1226,
                    "y2": 2040
                }
            },
            "입금계좌": {
                "text": "942902-00-889310",
                "bounding_box": {
                    "x1": 1614,
                    "y1": 1990,
                    "x2": 1996,
                    "y2": 2040
                }
            },
            "관리비_정액": {
                "text": "(정액인 경우) 70,000원",
                "bounding_box": {
                    "x1": 438,
                    "y1": 2071,
                    "x2": 1458,
                    "y2": 2124
                }
            },
            "관리비_비정액": {
                "text": "NA",
                "notice": "문제 없음",
                "solution": "계약 진행 가능",
                "bounding_box": {
                    "x1": 0,
                    "y1": 0,
                    "x2": 0,
                    "y2": 0
                }
            },
            "중도금": {
                "text": "3,000,000원",
                "bounding_box": {
                    "x1": 920,
                    "y1": 1830,
                    "x2": 1123,
                    "y2": 1880
                }
            },
            "임대일": {
                "text": "2025년 02월 28일",
                "bounding_box": {
                    "x1": 1799,
                    "y1": 2700,
                    "x2": 2212,
                    "y2": 2747
                }
            },
            "종료일": {
                "text": "2026년 02월 27일",
                "bounding_box": {
                    "x1": 1158,
                    "y1": 2747,
                    "x2": 1755,
                    "y2": 2800
                }
            },
            "수리할내용": {
                "text": "NA",
                "bounding_box": {
                    "x1": 0,
                    "y1": 0,
                    "x2": 0,
                    "y2": 0
                }
            },
            "수리완료시기": {
                "text": "NA",
                "bounding_box": {
                    "x1": 0,
                    "y1": 0,
                    "x2": 0,
                    "y2": 0
                }
            },
            "임대차기간": {
                "text": "2025년 02월 28일~2026년 02월 27일",
                "notice": "문제 없음",
                "solution": "계약 진행 가능",
                "bounding_box": {
                    "x1": 1158,
                    "y1": 2700,
                    "x2": 2212,
                    "y2": 2800
                }
            }
        },
        "2": {
            "임대인부담": {
                "text": "어어컨, 보일러, 세탁기, 청소기, 화장실, 싱크대",
                "bounding_box": {
                    "x1": 476,
                    "y1": 457,
                    "x2": 1220,
                    "y2": 510
                }
            },
            "임차인부담": {
                "text": "그외 나머지",
                "bounding_box": {
                    "x1": 476,
                    "y1": 557,
                    "x2": 691,
                    "y2": 610
                }
            },
            "중개보수": {
                "text": "거래가액의 0.5%인 300,000원",
                "bounding_box": {
                    "x1": 519,
                    "y1": 2106,
                    "x2": 1571,
                    "y2": 2159
                }
            },
            "교부일": {
                "text": "2025-02-17",
                "bounding_box": {
                    "x1": 854,
                    "y1": 2325,
                    "x2": 1520,
                    "y2": 2375
                }
            },
            "특약사항": {
                "text": "주택을 인도받은 임차인은 _2025_년 _ 2월 _28일까지 주민등록(전입신고)과 주택임대차계약서상 확정일자를 받기로 하고, 임대인은 위 약정일자의 다음날까지 임차주택에 저당권 등 담보권을 설정할 수 없다. 임대인이 위 특약에 위반하여 임차주택에 저당권 등 담보권을 설정한 경우에는 임차인은 임대차계약을 해제 또는 해지할 수 있다. 이 경우 임대인은 임차인에게 위 특약 위반으로 인한 손해를 배상하여야 한다. 임대차계약을 체결한 임차인은 임대차계약 체결 시를 기준으로 임대인이 사전에 고지하지 않은 선순위 임대차 정보(주택임대차보호법 제3조의6 제3항)가 있거나 미납 또는 체납한 국세·지방세가 _1억_원을 초과하는 것을 확인한 경우 임대차기간이 시작하는 날까지 제5조에도 불구하고 계약금 등의 명목으로 임대인에게 교부한 금전 기타 물건을 포기하지 않고 임대차계약을 해제할 수 있다. 주택임대차계약과 관련하여 분쟁이 있는 경우 임대인 또는 임차인은 법원에 소를 제기하기 전에 먼저 주택임대차분쟁조정위원회에 조정을 신청한다.",
                "notice": "특약사항에 임차인에게 불리할 수 있는 조항 있음: 미확인 담보권 설정 시 계약 해지 가능",
                "solution": "임대인의 특약 위반 시 발생 가능한 손해에 대해 충분히 검토 및 협의 후 계약 진행",
                "bounding_box": {
                    "x1": 138,
                    "y1": 2403,
                    "x2": 2140,
                    "y2": 3025
                }
            }
        },
        "3": {
            "특약": {
                "text": "기타",
                "bounding_box": {
                    "x1": 244,
                    "y1": 128,
                    "x2": 325,
                    "y2": 175
                }
            },
            "계약일": {
                "text": "2025년 2월 17일",
                "bounding_box": {
                    "x1": 1646,
                    "y1": 482,
                    "x2": 2293,
                    "y2": 529
                }
            },
            "임대인_주소": {
                "text": "이진현",
                "bounding_box": {
                    "x1": 513,
                    "y1": 601,
                    "x2": 638,
                    "y2": 648
                }
            },
            "임대인_주민등록번호": {
                "text": "123456-312222",
                "bounding_box": {
                    "x1": 513,
                    "y1": 707,
                    "x2": 820,
                    "y2": 751
                }
            },
            "임대인_전화": {
                "text": "010-1234-5678",
                "bounding_box": {
                    "x1": 1383,
                    "y1": 704,
                    "x2": 1696,
                    "y2": 754
                }
            },
            "임대인_성명": {
                "text": "이진현",
                "bounding_box": {
                    "x1": 1862,
                    "y1": 704,
                    "x2": 1990,
                    "y2": 751
                }
            },
            "임대인_대리인_주소": {
                "text": "NA",
                "bounding_box": {
                    "x1": 0,
                    "y1": 0,
                    "x2": 0,
                    "y2": 0
                }
            },
            "임대인_대리인_주민등록번호": {
                "text": "NA",
                "bounding_box": {
                    "x1": 0,
                    "y1": 0,
                    "x2": 0,
                    "y2": 0
                }
            },
            "임대인_대리인_성명": {
                "text": "NA",
                "bounding_box": {
                    "x1": 0,
                    "y1": 0,
                    "x2": 0,
                    "y2": 0
                }
            },
            "임차인_주소": {
                "text": "김형수",
                "bounding_box": {
                    "x1": 510,
                    "y1": 907,
                    "x2": 638,
                    "y2": 957
                }
            },
            "임차인_주민등록번호": {
                "text": "222222-123456",
                "bounding_box": {
                    "x1": 507,
                    "y1": 1011,
                    "x2": 820,
                    "y2": 1061
                }
            },
            "임차인_전화": {
                "text": "010-9876-5432",
                "bounding_box": {
                    "x1": 1383,
                    "y1": 1011,
                    "x2": 1696,
                    "y2": 1057
                }
            },
            "임차인_성명": {
                "text": "김형수",
                "bounding_box": {
                    "x1": 1862,
                    "y1": 1011,
                    "x2": 1990,
                    "y2": 1061
                }
            },
            "임차인_대리인_주소": {
                "text": "NA",
                "bounding_box": {
                    "x1": 0,
                    "y1": 0,
                    "x2": 0,
                    "y2": 0
                }
            },
            "임차인_대리인_주민등록번호": {
                "text": "NA",
                "bounding_box": {
                    "x1": 0,
                    "y1": 0,
                    "x2": 0,
                    "y2": 0
                }
            },
            "임차인_대리인_성명": {
                "text": "NA",
                "bounding_box": {
                    "x1": 0,
                    "y1": 0,
                    "x2": 0,
                    "y2": 0
                }
            },
            "사무소소재지_1": {
                "text": "경기도 용인시",
                "bounding_box": {
                    "x1": 510,
                    "y1": 1214,
                    "x2": 776,
                    "y2": 1264
                }
            },
            "사무소소재지_2": {
                "text": "NA",
                "bounding_box": {
                    "x1": 0,
                    "y1": 0,
                    "x2": 0,
                    "y2": 0
                }
            },
            "사무소명칭_1": {
                "text": "멘토공인중개사무소",
                "bounding_box": {
                    "x1": 510,
                    "y1": 1311,
                    "x2": 876,
                    "y2": 1364
                }
            },
            "사무소명칭_2": {
                "text": "NA",
                "bounding_box": {
                    "x1": 0,
                    "y1": 0,
                    "x2": 0,
                    "y2": 0
                }
            }
        }
    },
    "building_registry": {
        "page1": {
            "건축물대장": {
                "text": "집합건축물대장(전유부,갑)",
                "bounding_box": {
                    "x1": 686,
                    "y1": 127,
                    "x2": 1068,
                    "y2": 171
                }
            },
            "대지위치": {
                "text": "서울특별시 성동구 금호1가",
                "bounding_box": {
                    "x1": 490,
                    "y1": 254,
                    "x2": 716,
                    "y2": 279
                }
            },
            "도로명주소": {
                "text": "서울특별시 성동구 금호로 140",
                "bounding_box": {
                    "x1": 1392,
                    "y1": 258,
                    "x2": 1538,
                    "y2": 280
                }
            },
            "위반건축물": {
                "text": "NA",
                "notice": "문제 없음",
                "solution": "계약 진행 가능",
                "bounding_box": {
                    "x1": 0,
                    "y1": 0,
                    "x2": 0,
                    "y2": 0
                }
            },
            "성명1": {
                "text": "이진현",
                "notice": "문제 없음",
                "solution": "계약 진행 가능",
                "bounding_box": {
                    "x1": 951,
                    "y1": 467,
                    "x2": 1009,
                    "y2": 490
                }
            },
            "주소1": {
                "text": "서울특별시 성동구 금호로 173, 104동 201호(금호동2가, 신금호파크자이아파트)",
                "bounding_box": {
                    "x1": 1084,
                    "y1": 475,
                    "x2": 1377,
                    "y2": 522
                }
            },
            "성명2": {
                "text": "유종민",
                "notice": "문제 없음",
                "solution": "계약 진행 가능",
                "bounding_box": {
                    "x1": 949,
                    "y1": 584,
                    "x2": 1009,
                    "y2": 609
                }
            },
            "구조1": {
                "text": "철근콘크리트구조",
                "bounding_box": {
                    "x1": 316,
                    "y1": 465,
                    "x2": 456,
                    "y2": 492
                }
            },
            "면적1": {
                "text": "84.982",
                "notice": "문제 없음",
                "solution": "계약 진행 가능",
                "bounding_box": {
                    "x1": 807,
                    "y1": 465,
                    "x2": 877,
                    "y2": 492
                }
            },
            "발급일자": {
                "text": "2025년 2월 17일",
                "bounding_box": {
                    "x1": 1450,
                    "y1": 868,
                    "x2": 1585,
                    "y2": 890
                }
            }
        }
    },
    "registry_document": {
        "1페이지": {
            "종류": {
                "text": "집합건물",
                "bounding_box": {
                    "x1": 594,
                    "y1": 200,
                    "x2": 778,
                    "y2": 243
                }
            },
            "건물주소": {
                "text": "[집합건물] 서울특별시 성동구 금호동1가 1823 이편한세상금호파크힐스 제107동 제2층 제203호",
                "bounding_box": {
                    "x1": 49,
                    "y1": 343,
                    "x2": 969,
                    "y2": 370
                }
            },
            "열람일시": {
                "text": "2025년02월17일10시24분27초",
                "bounding_box": {
                    "x1": 160,
                    "y1": 1630,
                    "x2": 448,
                    "y2": 1655
                }
            },
            "신탁": {
                "text": "NA",
                "notice": "문제 없음",
                "solution": "계약 진행 가능",
                "bounding_box": {
                    "x1": 0,
                    "y1": 0,
                    "x2": 0,
                    "y2": 0
                }
            },
            "압류": {
                "text": "NA",
                "notice": "문제 없음",
                "solution": "계약 진행 가능",
                "bounding_box": {
                    "x1": 0,
                    "y1": 0,
                    "x2": 0,
                    "y2": 0
                }
            },
            "가처분": {
                "text": "NA",
                "notice": "문제 없음",
                "solution": "계약 진행 가능",
                "bounding_box": {
                    "x1": 0,
                    "y1": 0,
                    "x2": 0,
                    "y2": 0
                }
            },
            "가압류": {
                "text": "NA",
                "notice": "문제 없음",
                "solution": "계약 진행 가능",
                "bounding_box": {
                    "x1": 0,
                    "y1": 0,
                    "x2": 0,
                    "y2": 0
                }
            }
        },
        "2페이지": {
            "(갑구)": {
                "text": "【 갑 구 】 ( 소유권에 관한 사항 )",
                "bounding_box": {
                    "x1": 124,
                    "y1": 734,
                    "x2": 656,
                    "y2": 769
                }
            },
            "소유자_3": {
                "text": "유종민",
                "notice": "문제 없음",
                "solution": "계약 진행 가능",
                "bounding_box": {
                    "x1": 738,
                    "y1": 1198,
                    "x2": 807,
                    "y2": 1226
                }
            },
            "소유자_4": {
                "text": "이진현",
                "notice": "문제 없음",
                "solution": "계약 진행 가능",
                "bounding_box": {
                    "x1": 739,
                    "y1": 1308,
                    "x2": 805,
                    "y2": 1333
                }
            }
        },
        "3페이지": {
            "(소유권 이외의 권리에 대한 사항)": {
                "text": "( 소유권 이외의 권리에 관한 사항 )",
                "bounding_box": {
                    "x1": 399,
                    "y1": 341,
                    "x2": 774,
                    "y2": 373
                }
            },
            "(채권최고액)": {
                "text": "금276,000,000원",
                "notice": "채권최고액이 보증금과 공시가격(1007000000)를 초과하는지 확인하세요",
                "solution": "채권최고액은 보증금과 공시가격의 차이 이내로 설정하는 것이 안전합니다.",
                "bounding_box": {
                    "x1": 843,
                    "y1": 448,
                    "x2": 1004,
                    "y2": 470
                }
            },
            "이하여백": {
                "text": "이하여백",
                "bounding_box": {
                    "x1": 540,
                    "y1": 1012,
                    "x2": 720,
                    "y2": 1037
                }
            }
        }
    }
}